<?xml version="1.0" encoding="utf-8"?>
<modification>
	<name>service-booking</name>
	<code>service_booking</code>
	<version>0.1.0</version>
	<author>Arndt von Lucadou</author>
	<link>https://www.lucadou.net</link>
  
	<file path="admin/controller/common/column_left.php">
		<operation>
			<search><![CDATA[// Catalog]]></search>
			<add position="before"><![CDATA[
			// Service Booking
			$data['menus'][] = array(
				'id'       => 'menu-servciebooking',
				'icon'	   => 'fa-calendar',
				'name'	   => 'Service Booking',
				'href'     => $this->url->link('extension/module/servicebooking', 'user_token=' . $this->session->data['user_token'], true),
				'children' => array()
			);]]></add>
		</operation>
	</file>
</modification>
